{
  "agent_name": "reference",
  "environment": {
    "os": "macOS",
    "compiler": "Clang 21.0.0",
    "cpu_model": "Apple M3 Ultra",
    "build_type": "opt_release"
  },
  "metrics": {
    "total_messages_processed": 489501,
    "total_execution_time_ms": 5009.999041,
    "throughput_msg_per_sec": 97704.809122,
    "latency_ns": {
      "min": 2917,
      "max": 3371333,
      "mean": 54755.142222,
      "p50": 42458.000000,
      "p90": 86116.600000,
      "p99": 341191.120000,
      "p99_9": 2009038.474000
    }
  }
}
